{
    "loss": 135.09703063964844,
    "accuracy": 0.48201438784599304
}